åãâ ,êÿÇËè„Ç∞,éléÃå‹ì¸
12.88,13,13
12.28,13,12
11.52,12,12
11.1,12,11
11.14,12,11
11.82,12,12
12.02,13,12
12.88,13,13
12.48,13,12
12.08,13,12
12.32,13,12
11.38,12,11
11.54,12,12
11.8,12,12
11.88,12,12
12.24,13,12
13,13,13
12.7,13,13
12.72,13,13
13,13,13
11.98,12,12
11.52,12,12
11.1,12,11
11.52,12,12
12.68,13,13
12.82,13,13
12.6,13,13
12.32,13,12
12.1,13,12
12.94,13,13
13,13,13
12.74,13,13
12.78,13,13
13,13,13
12.9,13,13
12,12,12
12,12,12
11.98,12,12
11.94,12,12
12,12,12
12.1,13,12
12.98,13,13
11.82,12,12
11.74,12,12
12.06,13,12
12,12,12
12.04,13,12
12,12,12
11.98,12,12
12.54,13,13
12.94,13,13
12.7,13,13
12.24,13,12
13,13,13
12.72,13,13
13,13,13
12.76,13,13
12.24,13,12
12.06,13,12
12,12,12
12,12,12
12,12,12
12.88,13,13
12.22,13,12
11.58,12,12
12.08,13,12
11.58,12,12
12.8,13,13
13,13,13
12.74,13,13
12.8,13,13
12.14,13,12
12.16,13,12
12.3,13,12
12.08,13,12
12.68,13,13
12.76,13,13
13,13,13
12.64,13,13
13,13,13
12.92,13,13
13,13,13
13,13,13
12.8,13,13
12.56,13,13
12.7,13,13
12.18,13,12
12,12,12
11.82,12,12
12.06,13,12
12.82,13,13
13,13,13
13,13,13
12.86,13,13
13,13,13
12.26,13,12
11.58,12,12
12.5,13,13
12.52,13,13
12.5,13,13
13,13,13
12.94,13,13
12.82,13,13
13,13,13
13,13,13
12.94,13,13
13,13,13
13,13,13
13,13,13
12.16,13,12
12.14,13,12
12.1,13,12
12,12,12
11.76,12,12
12.58,13,13
12.68,13,13
13,13,13
12.66,13,13
13.28,14,13
12.18,13,12
12.26,13,12
12.98,13,13
12.78,13,13
13.58,14,14
13.04,14,13
13.3,14,13
13.46,14,13
13.16,14,13
13.02,14,13
12.98,13,13
12.74,13,13
13.38,14,13
13.44,14,13
13.02,14,13
13.02,14,13
13.1,14,13
13.02,14,13
12.82,13,13
13,13,13
13.4,14,13
13.42,14,13
13.36,14,13
13.56,14,14
13.5,14,14
13.66,14,14
13.48,14,13
12.96,13,13
12.12,13,12
12.06,13,12
12,12,12
11.84,12,12
12.02,13,12
12.02,13,12
,133,33
,87,22
